{"cameraMode":{"drawMode":0,"name":"Shaded","section":"Shading Mode"},"sceneLighting":false,"audioPlay":false,"sceneViewState":{"m_AlwaysRefresh":false,"showFog":true,"showSkybox":false,"showFlares":true,"showImageEffects":true,"showParticleSystems":true,"showVisualEffectGraphs":true,"m_FxEnabled":true},"in2DMode":false,"pivot":{"x":0.2834078073501587,"y":0.26037973165512087,"z":0.5217902660369873},"rotation":{"x":-0.048804327845573428,"y":-0.05513294041156769,"z":0.0027009034529328348,"w":-0.9973031282424927},"size":1.0495777130126954,"orthographic":false}