{"cameraMode":{"drawMode":0,"name":"Shaded","section":"Shading Mode"},"sceneLighting":true,"audioPlay":false,"sceneViewState":{"m_AlwaysRefresh":false,"showFog":true,"showSkybox":true,"showFlares":true,"showImageEffects":true,"showParticleSystems":true,"showVisualEffectGraphs":true,"m_FxEnabled":true},"in2DMode":false,"pivot":{"x":-12.506274223327637,"y":0.1881275177001953,"z":14.923927307128907},"rotation":{"x":-0.04928901791572571,"y":0.26053386926651,"z":-0.013037175871431828,"w":-0.9642466902732849},"size":20.781158447265626,"orthographic":false}